Block #,Onset-time(s),Category,TaskMatch,Image Name,Image Path
1,0.000000,0,blank,blank-1.jpg,/Users/vpnl/Desktop/alternating_bb/alternating_stimuli/static_stimuli/blank-1.jpg
1,0.500000,0,blank,blank-2.jpg,/Users/vpnl/Desktop/alternating_bb/alternating_stimuli/static_stimuli/blank-2.jpg
1,1.000000,0,blank,blank-3.jpg,/Users/vpnl/Desktop/alternating_bb/alternating_stimuli/static_stimuli/blank-3.jpg
1,1.500000,0,blank,blank-4.jpg,/Users/vpnl/Desktop/alternating_bb/alternating_stimuli/static_stimuli/blank-4.jpg
1,2.000000,0,blank,blank-5.jpg,/Users/vpnl/Desktop/alternating_bb/alternating_stimuli/static_stimuli/blank-5.jpg
1,2.500000,0,blank,blank-6.jpg,/Users/vpnl/Desktop/alternating_bb/alternating_stimuli/static_stimuli/blank-6.jpg
1,3.000000,0,blank,blank-7.jpg,/Users/vpnl/Desktop/alternating_bb/alternating_stimuli/static_stimuli/blank-7.jpg
1,3.500000,0,blank,blank-8.jpg,/Users/vpnl/Desktop/alternating_bb/alternating_stimuli/static_stimuli/blank-8.jpg
2,4.000000,1,faces,faces-1.jpg,/Users/vpnl/Desktop/alternating_bb/alternating_stimuli/static_stimuli/faces-1.jpg
2,4.500000,1,faces,faces-2.jpg,/Users/vpnl/Desktop/alternating_bb/alternating_stimuli/static_stimuli/faces-2.jpg
2,5.000000,1,faces,faces-3.jpg,/Users/vpnl/Desktop/alternating_bb/alternating_stimuli/static_stimuli/faces-3.jpg
2,5.500000,1,faces,faces-4.jpg,/Users/vpnl/Desktop/alternating_bb/alternating_stimuli/static_stimuli/faces-4.jpg
2,6.000000,1,faces,faces-5.jpg,/Users/vpnl/Desktop/alternating_bb/alternating_stimuli/static_stimuli/faces-5.jpg
2,6.500000,1,faces,faces-6.jpg,/Users/vpnl/Desktop/alternating_bb/alternating_stimuli/static_stimuli/faces-6.jpg
2,7.000000,1,faces,faces-7.jpg,/Users/vpnl/Desktop/alternating_bb/alternating_stimuli/static_stimuli/faces-7.jpg
2,7.500000,1,faces,faces-8.jpg,/Users/vpnl/Desktop/alternating_bb/alternating_stimuli/static_stimuli/faces-8.jpg
3,8.000000,4,scenes,scenes-1.jpg,/Users/vpnl/Desktop/alternating_bb/alternating_stimuli/static_stimuli/scenes-1.jpg
3,8.500000,4,scenes,scenes-2.jpg,/Users/vpnl/Desktop/alternating_bb/alternating_stimuli/static_stimuli/scenes-2.jpg
3,9.000000,4,scenes,scenes-3.jpg,/Users/vpnl/Desktop/alternating_bb/alternating_stimuli/static_stimuli/scenes-3.jpg
3,9.500000,4,scenes,scenes-4.jpg,/Users/vpnl/Desktop/alternating_bb/alternating_stimuli/static_stimuli/scenes-4.jpg
3,10.000000,4,scenes,scenes-5.jpg,/Users/vpnl/Desktop/alternating_bb/alternating_stimuli/static_stimuli/scenes-5.jpg
3,10.500000,4,scenes,scenes-6.jpg,/Users/vpnl/Desktop/alternating_bb/alternating_stimuli/static_stimuli/scenes-6.jpg
3,11.000000,4,scenes,scenes-7.jpg,/Users/vpnl/Desktop/alternating_bb/alternating_stimuli/static_stimuli/scenes-7.jpg
3,11.500000,4,scenes,scenes-8.jpg,/Users/vpnl/Desktop/alternating_bb/alternating_stimuli/static_stimuli/scenes-8.jpg
4,12.000000,2,hands,hands-1.jpg,/Users/vpnl/Desktop/alternating_bb/alternating_stimuli/static_stimuli/hands-1.jpg
4,12.500000,2,hands,hands-2.jpg,/Users/vpnl/Desktop/alternating_bb/alternating_stimuli/static_stimuli/hands-2.jpg
4,13.000000,2,hands,hands-3.jpg,/Users/vpnl/Desktop/alternating_bb/alternating_stimuli/static_stimuli/hands-3.jpg
4,13.500000,2,hands,hands-4.jpg,/Users/vpnl/Desktop/alternating_bb/alternating_stimuli/static_stimuli/hands-4.jpg
4,14.000000,2,hands,hands-5.jpg,/Users/vpnl/Desktop/alternating_bb/alternating_stimuli/static_stimuli/hands-5.jpg
4,14.500000,2,hands,hands-6.jpg,/Users/vpnl/Desktop/alternating_bb/alternating_stimuli/static_stimuli/hands-6.jpg
4,15.000000,2,hands,hands-7.jpg,/Users/vpnl/Desktop/alternating_bb/alternating_stimuli/static_stimuli/hands-7.jpg
4,15.500000,2,hands,hands-8.jpg,/Users/vpnl/Desktop/alternating_bb/alternating_stimuli/static_stimuli/hands-8.jpg
5,16.000000,3,cars,cars-1.jpg,/Users/vpnl/Desktop/alternating_bb/alternating_stimuli/static_stimuli/cars-1.jpg
5,16.500000,3,cars,cars-2.jpg,/Users/vpnl/Desktop/alternating_bb/alternating_stimuli/static_stimuli/cars-2.jpg
5,17.000000,3,cars,cars-3.jpg,/Users/vpnl/Desktop/alternating_bb/alternating_stimuli/static_stimuli/cars-3.jpg
5,17.500000,3,cars,cars-4.jpg,/Users/vpnl/Desktop/alternating_bb/alternating_stimuli/static_stimuli/cars-4.jpg
5,18.000000,3,cars,cars-5.jpg,/Users/vpnl/Desktop/alternating_bb/alternating_stimuli/static_stimuli/cars-5.jpg
5,18.500000,3,cars,cars-6.jpg,/Users/vpnl/Desktop/alternating_bb/alternating_stimuli/static_stimuli/cars-6.jpg
5,19.000000,3,cars,cars-7.jpg,/Users/vpnl/Desktop/alternating_bb/alternating_stimuli/static_stimuli/cars-7.jpg
5,19.500000,3,cars,cars-8.jpg,/Users/vpnl/Desktop/alternating_bb/alternating_stimuli/static_stimuli/cars-8.jpg
6,20.000000,0,blank,blank-9.jpg,/Users/vpnl/Desktop/alternating_bb/alternating_stimuli/static_stimuli/blank-9.jpg
6,20.500000,0,blank,blank-10.jpg,/Users/vpnl/Desktop/alternating_bb/alternating_stimuli/static_stimuli/blank-10.jpg
6,21.000000,0,blank,blank-11.jpg,/Users/vpnl/Desktop/alternating_bb/alternating_stimuli/static_stimuli/blank-11.jpg
6,21.500000,0,blank,blank-12.jpg,/Users/vpnl/Desktop/alternating_bb/alternating_stimuli/static_stimuli/blank-12.jpg
6,22.000000,0,blank,blank-13.jpg,/Users/vpnl/Desktop/alternating_bb/alternating_stimuli/static_stimuli/blank-13.jpg
6,22.500000,0,blank,blank-14.jpg,/Users/vpnl/Desktop/alternating_bb/alternating_stimuli/static_stimuli/blank-14.jpg
6,23.000000,0,blank,blank-15.jpg,/Users/vpnl/Desktop/alternating_bb/alternating_stimuli/static_stimuli/blank-15.jpg
6,23.500000,0,blank,blank-16.jpg,/Users/vpnl/Desktop/alternating_bb/alternating_stimuli/static_stimuli/blank-16.jpg
7,24.000000,1,faces,faces-9.jpg,/Users/vpnl/Desktop/alternating_bb/alternating_stimuli/static_stimuli/faces-9.jpg
7,24.500000,1,faces,faces-10.jpg,/Users/vpnl/Desktop/alternating_bb/alternating_stimuli/static_stimuli/faces-10.jpg
7,25.000000,1,faces,faces-11.jpg,/Users/vpnl/Desktop/alternating_bb/alternating_stimuli/static_stimuli/faces-11.jpg
7,25.500000,1,faces,faces-12.jpg,/Users/vpnl/Desktop/alternating_bb/alternating_stimuli/static_stimuli/faces-12.jpg
7,26.000000,1,faces,faces-13.jpg,/Users/vpnl/Desktop/alternating_bb/alternating_stimuli/static_stimuli/faces-13.jpg
7,26.500000,1,faces,faces-14.jpg,/Users/vpnl/Desktop/alternating_bb/alternating_stimuli/static_stimuli/faces-14.jpg
7,27.000000,1,faces,faces-15.jpg,/Users/vpnl/Desktop/alternating_bb/alternating_stimuli/static_stimuli/faces-15.jpg
7,27.500000,1,faces,faces-16.jpg,/Users/vpnl/Desktop/alternating_bb/alternating_stimuli/static_stimuli/faces-16.jpg
8,28.000000,3,cars,cars-9.jpg,/Users/vpnl/Desktop/alternating_bb/alternating_stimuli/static_stimuli/cars-9.jpg
8,28.500000,3,cars,cars-10.jpg,/Users/vpnl/Desktop/alternating_bb/alternating_stimuli/static_stimuli/cars-10.jpg
8,29.000000,3,cars,cars-11.jpg,/Users/vpnl/Desktop/alternating_bb/alternating_stimuli/static_stimuli/cars-11.jpg
8,29.500000,3,cars,cars-12.jpg,/Users/vpnl/Desktop/alternating_bb/alternating_stimuli/static_stimuli/cars-12.jpg
8,30.000000,3,cars,cars-13.jpg,/Users/vpnl/Desktop/alternating_bb/alternating_stimuli/static_stimuli/cars-13.jpg
8,30.500000,3,cars,cars-14.jpg,/Users/vpnl/Desktop/alternating_bb/alternating_stimuli/static_stimuli/cars-14.jpg
8,31.000000,3,cars,cars-15.jpg,/Users/vpnl/Desktop/alternating_bb/alternating_stimuli/static_stimuli/cars-15.jpg
8,31.500000,3,cars,cars-16.jpg,/Users/vpnl/Desktop/alternating_bb/alternating_stimuli/static_stimuli/cars-16.jpg
9,32.000000,2,hands,hands-9.jpg,/Users/vpnl/Desktop/alternating_bb/alternating_stimuli/static_stimuli/hands-9.jpg
9,32.500000,2,hands,hands-10.jpg,/Users/vpnl/Desktop/alternating_bb/alternating_stimuli/static_stimuli/hands-10.jpg
9,33.000000,2,hands,hands-11.jpg,/Users/vpnl/Desktop/alternating_bb/alternating_stimuli/static_stimuli/hands-11.jpg
9,33.500000,2,hands,hands-12.jpg,/Users/vpnl/Desktop/alternating_bb/alternating_stimuli/static_stimuli/hands-12.jpg
9,34.000000,2,hands,hands-13.jpg,/Users/vpnl/Desktop/alternating_bb/alternating_stimuli/static_stimuli/hands-13.jpg
9,34.500000,2,hands,hands-14.jpg,/Users/vpnl/Desktop/alternating_bb/alternating_stimuli/static_stimuli/hands-14.jpg
9,35.000000,2,hands,hands-15.jpg,/Users/vpnl/Desktop/alternating_bb/alternating_stimuli/static_stimuli/hands-15.jpg
9,35.500000,2,hands,hands-16.jpg,/Users/vpnl/Desktop/alternating_bb/alternating_stimuli/static_stimuli/hands-16.jpg
10,36.000000,4,scenes,scenes-9.jpg,/Users/vpnl/Desktop/alternating_bb/alternating_stimuli/static_stimuli/scenes-9.jpg
10,36.500000,4,scenes,scenes-10.jpg,/Users/vpnl/Desktop/alternating_bb/alternating_stimuli/static_stimuli/scenes-10.jpg
10,37.000000,4,scenes,scenes-11.jpg,/Users/vpnl/Desktop/alternating_bb/alternating_stimuli/static_stimuli/scenes-11.jpg
10,37.500000,4,scenes,scenes-12.jpg,/Users/vpnl/Desktop/alternating_bb/alternating_stimuli/static_stimuli/scenes-12.jpg
10,38.000000,4,scenes,scenes-13.jpg,/Users/vpnl/Desktop/alternating_bb/alternating_stimuli/static_stimuli/scenes-13.jpg
10,38.500000,4,scenes,scenes-14.jpg,/Users/vpnl/Desktop/alternating_bb/alternating_stimuli/static_stimuli/scenes-14.jpg
10,39.000000,4,scenes,scenes-15.jpg,/Users/vpnl/Desktop/alternating_bb/alternating_stimuli/static_stimuli/scenes-15.jpg
10,39.500000,4,scenes,scenes-16.jpg,/Users/vpnl/Desktop/alternating_bb/alternating_stimuli/static_stimuli/scenes-16.jpg
11,40.000000,0,blank,blank-17.jpg,/Users/vpnl/Desktop/alternating_bb/alternating_stimuli/static_stimuli/blank-17.jpg
11,40.500000,0,blank,blank-18.jpg,/Users/vpnl/Desktop/alternating_bb/alternating_stimuli/static_stimuli/blank-18.jpg
11,41.000000,0,blank,blank-19.jpg,/Users/vpnl/Desktop/alternating_bb/alternating_stimuli/static_stimuli/blank-19.jpg
11,41.500000,0,blank,blank-20.jpg,/Users/vpnl/Desktop/alternating_bb/alternating_stimuli/static_stimuli/blank-20.jpg
11,42.000000,0,blank,blank-21.jpg,/Users/vpnl/Desktop/alternating_bb/alternating_stimuli/static_stimuli/blank-21.jpg
11,42.500000,0,blank,blank-22.jpg,/Users/vpnl/Desktop/alternating_bb/alternating_stimuli/static_stimuli/blank-22.jpg
11,43.000000,0,blank,blank-23.jpg,/Users/vpnl/Desktop/alternating_bb/alternating_stimuli/static_stimuli/blank-23.jpg
11,43.500000,0,blank,blank-24.jpg,/Users/vpnl/Desktop/alternating_bb/alternating_stimuli/static_stimuli/blank-24.jpg
12,44.000000,2,hands,hands-17.jpg,/Users/vpnl/Desktop/alternating_bb/alternating_stimuli/static_stimuli/hands-17.jpg
12,44.500000,2,hands,hands-18.jpg,/Users/vpnl/Desktop/alternating_bb/alternating_stimuli/static_stimuli/hands-18.jpg
12,45.000000,2,hands,hands-19.jpg,/Users/vpnl/Desktop/alternating_bb/alternating_stimuli/static_stimuli/hands-19.jpg
12,45.500000,2,hands,hands-20.jpg,/Users/vpnl/Desktop/alternating_bb/alternating_stimuli/static_stimuli/hands-20.jpg
12,46.000000,2,hands,hands-21.jpg,/Users/vpnl/Desktop/alternating_bb/alternating_stimuli/static_stimuli/hands-21.jpg
12,46.500000,2,hands,hands-22.jpg,/Users/vpnl/Desktop/alternating_bb/alternating_stimuli/static_stimuli/hands-22.jpg
12,47.000000,2,hands,hands-23.jpg,/Users/vpnl/Desktop/alternating_bb/alternating_stimuli/static_stimuli/hands-23.jpg
12,47.500000,2,hands,hands-24.jpg,/Users/vpnl/Desktop/alternating_bb/alternating_stimuli/static_stimuli/hands-24.jpg
13,48.000000,0,blank,blank-25.jpg,/Users/vpnl/Desktop/alternating_bb/alternating_stimuli/static_stimuli/blank-25.jpg
13,48.500000,0,blank,blank-26.jpg,/Users/vpnl/Desktop/alternating_bb/alternating_stimuli/static_stimuli/blank-26.jpg
13,49.000000,0,blank,blank-27.jpg,/Users/vpnl/Desktop/alternating_bb/alternating_stimuli/static_stimuli/blank-27.jpg
13,49.500000,0,blank,blank-28.jpg,/Users/vpnl/Desktop/alternating_bb/alternating_stimuli/static_stimuli/blank-28.jpg
13,50.000000,0,blank,blank-29.jpg,/Users/vpnl/Desktop/alternating_bb/alternating_stimuli/static_stimuli/blank-29.jpg
13,50.500000,0,blank,blank-30.jpg,/Users/vpnl/Desktop/alternating_bb/alternating_stimuli/static_stimuli/blank-30.jpg
13,51.000000,0,blank,blank-31.jpg,/Users/vpnl/Desktop/alternating_bb/alternating_stimuli/static_stimuli/blank-31.jpg
13,51.500000,0,blank,blank-32.jpg,/Users/vpnl/Desktop/alternating_bb/alternating_stimuli/static_stimuli/blank-32.jpg
14,52.000000,4,scenes,scenes-17.jpg,/Users/vpnl/Desktop/alternating_bb/alternating_stimuli/static_stimuli/scenes-17.jpg
14,52.500000,4,scenes,scenes-18.jpg,/Users/vpnl/Desktop/alternating_bb/alternating_stimuli/static_stimuli/scenes-18.jpg
14,53.000000,4,scenes,scenes-19.jpg,/Users/vpnl/Desktop/alternating_bb/alternating_stimuli/static_stimuli/scenes-19.jpg
14,53.500000,4,scenes,scenes-20.jpg,/Users/vpnl/Desktop/alternating_bb/alternating_stimuli/static_stimuli/scenes-20.jpg
14,54.000000,4,scenes,scenes-21.jpg,/Users/vpnl/Desktop/alternating_bb/alternating_stimuli/static_stimuli/scenes-21.jpg
14,54.500000,4,scenes,scenes-22.jpg,/Users/vpnl/Desktop/alternating_bb/alternating_stimuli/static_stimuli/scenes-22.jpg
14,55.000000,4,scenes,scenes-23.jpg,/Users/vpnl/Desktop/alternating_bb/alternating_stimuli/static_stimuli/scenes-23.jpg
14,55.500000,4,scenes,scenes-24.jpg,/Users/vpnl/Desktop/alternating_bb/alternating_stimuli/static_stimuli/scenes-24.jpg
15,56.000000,1,faces,faces-17.jpg,/Users/vpnl/Desktop/alternating_bb/alternating_stimuli/static_stimuli/faces-17.jpg
15,56.500000,1,faces,faces-18.jpg,/Users/vpnl/Desktop/alternating_bb/alternating_stimuli/static_stimuli/faces-18.jpg
15,57.000000,1,faces,faces-19.jpg,/Users/vpnl/Desktop/alternating_bb/alternating_stimuli/static_stimuli/faces-19.jpg
15,57.500000,1,faces,faces-20.jpg,/Users/vpnl/Desktop/alternating_bb/alternating_stimuli/static_stimuli/faces-20.jpg
15,58.000000,1,faces,faces-21.jpg,/Users/vpnl/Desktop/alternating_bb/alternating_stimuli/static_stimuli/faces-21.jpg
15,58.500000,1,faces,faces-22.jpg,/Users/vpnl/Desktop/alternating_bb/alternating_stimuli/static_stimuli/faces-22.jpg
15,59.000000,1,faces,faces-23.jpg,/Users/vpnl/Desktop/alternating_bb/alternating_stimuli/static_stimuli/faces-23.jpg
15,59.500000,1,faces,faces-24.jpg,/Users/vpnl/Desktop/alternating_bb/alternating_stimuli/static_stimuli/faces-24.jpg
16,60.000000,3,cars,cars-17.jpg,/Users/vpnl/Desktop/alternating_bb/alternating_stimuli/static_stimuli/cars-17.jpg
16,60.500000,3,cars,cars-18.jpg,/Users/vpnl/Desktop/alternating_bb/alternating_stimuli/static_stimuli/cars-18.jpg
16,61.000000,3,cars,cars-19.jpg,/Users/vpnl/Desktop/alternating_bb/alternating_stimuli/static_stimuli/cars-19.jpg
16,61.500000,3,cars,cars-20.jpg,/Users/vpnl/Desktop/alternating_bb/alternating_stimuli/static_stimuli/cars-20.jpg
16,62.000000,3,cars,cars-21.jpg,/Users/vpnl/Desktop/alternating_bb/alternating_stimuli/static_stimuli/cars-21.jpg
16,62.500000,3,cars,cars-22.jpg,/Users/vpnl/Desktop/alternating_bb/alternating_stimuli/static_stimuli/cars-22.jpg
16,63.000000,3,cars,cars-23.jpg,/Users/vpnl/Desktop/alternating_bb/alternating_stimuli/static_stimuli/cars-23.jpg
16,63.500000,3,cars,cars-24.jpg,/Users/vpnl/Desktop/alternating_bb/alternating_stimuli/static_stimuli/cars-24.jpg
17,64.000000,1,faces,faces-25.jpg,/Users/vpnl/Desktop/alternating_bb/alternating_stimuli/static_stimuli/faces-25.jpg
17,64.500000,1,faces,faces-26.jpg,/Users/vpnl/Desktop/alternating_bb/alternating_stimuli/static_stimuli/faces-26.jpg
17,65.000000,1,faces,faces-27.jpg,/Users/vpnl/Desktop/alternating_bb/alternating_stimuli/static_stimuli/faces-27.jpg
17,65.500000,1,faces,faces-28.jpg,/Users/vpnl/Desktop/alternating_bb/alternating_stimuli/static_stimuli/faces-28.jpg
17,66.000000,1,faces,faces-29.jpg,/Users/vpnl/Desktop/alternating_bb/alternating_stimuli/static_stimuli/faces-29.jpg
17,66.500000,1,faces,faces-30.jpg,/Users/vpnl/Desktop/alternating_bb/alternating_stimuli/static_stimuli/faces-30.jpg
17,67.000000,1,faces,faces-31.jpg,/Users/vpnl/Desktop/alternating_bb/alternating_stimuli/static_stimuli/faces-31.jpg
17,67.500000,1,faces,faces-32.jpg,/Users/vpnl/Desktop/alternating_bb/alternating_stimuli/static_stimuli/faces-32.jpg
18,68.000000,4,scenes,scenes-25.jpg,/Users/vpnl/Desktop/alternating_bb/alternating_stimuli/static_stimuli/scenes-25.jpg
18,68.500000,4,scenes,scenes-26.jpg,/Users/vpnl/Desktop/alternating_bb/alternating_stimuli/static_stimuli/scenes-26.jpg
18,69.000000,4,scenes,scenes-27.jpg,/Users/vpnl/Desktop/alternating_bb/alternating_stimuli/static_stimuli/scenes-27.jpg
18,69.500000,4,scenes,scenes-28.jpg,/Users/vpnl/Desktop/alternating_bb/alternating_stimuli/static_stimuli/scenes-28.jpg
18,70.000000,4,scenes,scenes-29.jpg,/Users/vpnl/Desktop/alternating_bb/alternating_stimuli/static_stimuli/scenes-29.jpg
18,70.500000,4,scenes,scenes-30.jpg,/Users/vpnl/Desktop/alternating_bb/alternating_stimuli/static_stimuli/scenes-30.jpg
18,71.000000,4,scenes,scenes-31.jpg,/Users/vpnl/Desktop/alternating_bb/alternating_stimuli/static_stimuli/scenes-31.jpg
18,71.500000,4,scenes,scenes-32.jpg,/Users/vpnl/Desktop/alternating_bb/alternating_stimuli/static_stimuli/scenes-32.jpg
19,72.000000,3,cars,cars-25.jpg,/Users/vpnl/Desktop/alternating_bb/alternating_stimuli/static_stimuli/cars-25.jpg
19,72.500000,3,cars,cars-26.jpg,/Users/vpnl/Desktop/alternating_bb/alternating_stimuli/static_stimuli/cars-26.jpg
19,73.000000,3,cars,cars-27.jpg,/Users/vpnl/Desktop/alternating_bb/alternating_stimuli/static_stimuli/cars-27.jpg
19,73.500000,3,cars,cars-28.jpg,/Users/vpnl/Desktop/alternating_bb/alternating_stimuli/static_stimuli/cars-28.jpg
19,74.000000,3,cars,cars-29.jpg,/Users/vpnl/Desktop/alternating_bb/alternating_stimuli/static_stimuli/cars-29.jpg
19,74.500000,3,cars,cars-30.jpg,/Users/vpnl/Desktop/alternating_bb/alternating_stimuli/static_stimuli/cars-30.jpg
19,75.000000,3,cars,cars-31.jpg,/Users/vpnl/Desktop/alternating_bb/alternating_stimuli/static_stimuli/cars-31.jpg
19,75.500000,3,cars,cars-32.jpg,/Users/vpnl/Desktop/alternating_bb/alternating_stimuli/static_stimuli/cars-32.jpg
20,76.000000,2,hands,hands-25.jpg,/Users/vpnl/Desktop/alternating_bb/alternating_stimuli/static_stimuli/hands-25.jpg
20,76.500000,2,hands,hands-26.jpg,/Users/vpnl/Desktop/alternating_bb/alternating_stimuli/static_stimuli/hands-26.jpg
20,77.000000,2,hands,hands-27.jpg,/Users/vpnl/Desktop/alternating_bb/alternating_stimuli/static_stimuli/hands-27.jpg
20,77.500000,2,hands,hands-28.jpg,/Users/vpnl/Desktop/alternating_bb/alternating_stimuli/static_stimuli/hands-28.jpg
20,78.000000,2,hands,hands-29.jpg,/Users/vpnl/Desktop/alternating_bb/alternating_stimuli/static_stimuli/hands-29.jpg
20,78.500000,2,hands,hands-30.jpg,/Users/vpnl/Desktop/alternating_bb/alternating_stimuli/static_stimuli/hands-30.jpg
20,79.000000,2,hands,hands-31.jpg,/Users/vpnl/Desktop/alternating_bb/alternating_stimuli/static_stimuli/hands-31.jpg
20,79.500000,2,hands,hands-32.jpg,/Users/vpnl/Desktop/alternating_bb/alternating_stimuli/static_stimuli/hands-32.jpg
21,80.000000,0,blank,blank-33.jpg,/Users/vpnl/Desktop/alternating_bb/alternating_stimuli/static_stimuli/blank-33.jpg
21,80.500000,0,blank,blank-34.jpg,/Users/vpnl/Desktop/alternating_bb/alternating_stimuli/static_stimuli/blank-34.jpg
21,81.000000,0,blank,blank-35.jpg,/Users/vpnl/Desktop/alternating_bb/alternating_stimuli/static_stimuli/blank-35.jpg
21,81.500000,0,blank,blank-36.jpg,/Users/vpnl/Desktop/alternating_bb/alternating_stimuli/static_stimuli/blank-36.jpg
21,82.000000,0,blank,blank-37.jpg,/Users/vpnl/Desktop/alternating_bb/alternating_stimuli/static_stimuli/blank-37.jpg
21,82.500000,0,blank,blank-38.jpg,/Users/vpnl/Desktop/alternating_bb/alternating_stimuli/static_stimuli/blank-38.jpg
21,83.000000,0,blank,blank-39.jpg,/Users/vpnl/Desktop/alternating_bb/alternating_stimuli/static_stimuli/blank-39.jpg
21,83.500000,0,blank,blank-40.jpg,/Users/vpnl/Desktop/alternating_bb/alternating_stimuli/static_stimuli/blank-40.jpg
22,84.000000,2,hands,hands-33.jpg,/Users/vpnl/Desktop/alternating_bb/alternating_stimuli/static_stimuli/hands-33.jpg
22,84.500000,2,hands,hands-34.jpg,/Users/vpnl/Desktop/alternating_bb/alternating_stimuli/static_stimuli/hands-34.jpg
22,85.000000,2,hands,hands-35.jpg,/Users/vpnl/Desktop/alternating_bb/alternating_stimuli/static_stimuli/hands-35.jpg
22,85.500000,2,hands,hands-36.jpg,/Users/vpnl/Desktop/alternating_bb/alternating_stimuli/static_stimuli/hands-36.jpg
22,86.000000,2,hands,hands-37.jpg,/Users/vpnl/Desktop/alternating_bb/alternating_stimuli/static_stimuli/hands-37.jpg
22,86.500000,2,hands,hands-38.jpg,/Users/vpnl/Desktop/alternating_bb/alternating_stimuli/static_stimuli/hands-38.jpg
22,87.000000,2,hands,hands-39.jpg,/Users/vpnl/Desktop/alternating_bb/alternating_stimuli/static_stimuli/hands-39.jpg
22,87.500000,2,hands,hands-40.jpg,/Users/vpnl/Desktop/alternating_bb/alternating_stimuli/static_stimuli/hands-40.jpg
23,88.000000,1,faces,faces-33.jpg,/Users/vpnl/Desktop/alternating_bb/alternating_stimuli/static_stimuli/faces-33.jpg
23,88.500000,1,faces,faces-34.jpg,/Users/vpnl/Desktop/alternating_bb/alternating_stimuli/static_stimuli/faces-34.jpg
23,89.000000,1,faces,faces-35.jpg,/Users/vpnl/Desktop/alternating_bb/alternating_stimuli/static_stimuli/faces-35.jpg
23,89.500000,1,faces,faces-36.jpg,/Users/vpnl/Desktop/alternating_bb/alternating_stimuli/static_stimuli/faces-36.jpg
23,90.000000,1,faces,faces-37.jpg,/Users/vpnl/Desktop/alternating_bb/alternating_stimuli/static_stimuli/faces-37.jpg
23,90.500000,1,faces,faces-38.jpg,/Users/vpnl/Desktop/alternating_bb/alternating_stimuli/static_stimuli/faces-38.jpg
23,91.000000,1,faces,faces-39.jpg,/Users/vpnl/Desktop/alternating_bb/alternating_stimuli/static_stimuli/faces-39.jpg
23,91.500000,1,faces,faces-40.jpg,/Users/vpnl/Desktop/alternating_bb/alternating_stimuli/static_stimuli/faces-40.jpg
24,92.000000,3,cars,cars-33.jpg,/Users/vpnl/Desktop/alternating_bb/alternating_stimuli/static_stimuli/cars-33.jpg
24,92.500000,3,cars,cars-34.jpg,/Users/vpnl/Desktop/alternating_bb/alternating_stimuli/static_stimuli/cars-34.jpg
24,93.000000,3,cars,cars-35.jpg,/Users/vpnl/Desktop/alternating_bb/alternating_stimuli/static_stimuli/cars-35.jpg
24,93.500000,3,cars,cars-36.jpg,/Users/vpnl/Desktop/alternating_bb/alternating_stimuli/static_stimuli/cars-36.jpg
24,94.000000,3,cars,cars-37.jpg,/Users/vpnl/Desktop/alternating_bb/alternating_stimuli/static_stimuli/cars-37.jpg
24,94.500000,3,cars,cars-38.jpg,/Users/vpnl/Desktop/alternating_bb/alternating_stimuli/static_stimuli/cars-38.jpg
24,95.000000,3,cars,cars-39.jpg,/Users/vpnl/Desktop/alternating_bb/alternating_stimuli/static_stimuli/cars-39.jpg
24,95.500000,3,cars,cars-40.jpg,/Users/vpnl/Desktop/alternating_bb/alternating_stimuli/static_stimuli/cars-40.jpg
25,96.000000,0,blank,blank-41.jpg,/Users/vpnl/Desktop/alternating_bb/alternating_stimuli/static_stimuli/blank-41.jpg
25,96.500000,0,blank,blank-42.jpg,/Users/vpnl/Desktop/alternating_bb/alternating_stimuli/static_stimuli/blank-42.jpg
25,97.000000,0,blank,blank-43.jpg,/Users/vpnl/Desktop/alternating_bb/alternating_stimuli/static_stimuli/blank-43.jpg
25,97.500000,0,blank,blank-44.jpg,/Users/vpnl/Desktop/alternating_bb/alternating_stimuli/static_stimuli/blank-44.jpg
25,98.000000,0,blank,blank-45.jpg,/Users/vpnl/Desktop/alternating_bb/alternating_stimuli/static_stimuli/blank-45.jpg
25,98.500000,0,blank,blank-46.jpg,/Users/vpnl/Desktop/alternating_bb/alternating_stimuli/static_stimuli/blank-46.jpg
25,99.000000,0,blank,blank-47.jpg,/Users/vpnl/Desktop/alternating_bb/alternating_stimuli/static_stimuli/blank-47.jpg
25,99.500000,0,blank,blank-48.jpg,/Users/vpnl/Desktop/alternating_bb/alternating_stimuli/static_stimuli/blank-48.jpg
26,100.000000,4,scenes,scenes-33.jpg,/Users/vpnl/Desktop/alternating_bb/alternating_stimuli/static_stimuli/scenes-33.jpg
26,100.500000,4,scenes,scenes-34.jpg,/Users/vpnl/Desktop/alternating_bb/alternating_stimuli/static_stimuli/scenes-34.jpg
26,101.000000,4,scenes,scenes-35.jpg,/Users/vpnl/Desktop/alternating_bb/alternating_stimuli/static_stimuli/scenes-35.jpg
26,101.500000,4,scenes,scenes-36.jpg,/Users/vpnl/Desktop/alternating_bb/alternating_stimuli/static_stimuli/scenes-36.jpg
26,102.000000,4,scenes,scenes-37.jpg,/Users/vpnl/Desktop/alternating_bb/alternating_stimuli/static_stimuli/scenes-37.jpg
26,102.500000,4,scenes,scenes-38.jpg,/Users/vpnl/Desktop/alternating_bb/alternating_stimuli/static_stimuli/scenes-38.jpg
26,103.000000,4,scenes,scenes-39.jpg,/Users/vpnl/Desktop/alternating_bb/alternating_stimuli/static_stimuli/scenes-39.jpg
26,103.500000,4,scenes,scenes-40.jpg,/Users/vpnl/Desktop/alternating_bb/alternating_stimuli/static_stimuli/scenes-40.jpg
27,104.000000,0,blank,blank-49.jpg,/Users/vpnl/Desktop/alternating_bb/alternating_stimuli/static_stimuli/blank-49.jpg
27,104.500000,0,blank,blank-50.jpg,/Users/vpnl/Desktop/alternating_bb/alternating_stimuli/static_stimuli/blank-50.jpg
27,105.000000,0,blank,blank-51.jpg,/Users/vpnl/Desktop/alternating_bb/alternating_stimuli/static_stimuli/blank-51.jpg
27,105.500000,0,blank,blank-52.jpg,/Users/vpnl/Desktop/alternating_bb/alternating_stimuli/static_stimuli/blank-52.jpg
27,106.000000,0,blank,blank-53.jpg,/Users/vpnl/Desktop/alternating_bb/alternating_stimuli/static_stimuli/blank-53.jpg
27,106.500000,0,blank,blank-54.jpg,/Users/vpnl/Desktop/alternating_bb/alternating_stimuli/static_stimuli/blank-54.jpg
27,107.000000,0,blank,blank-55.jpg,/Users/vpnl/Desktop/alternating_bb/alternating_stimuli/static_stimuli/blank-55.jpg
27,107.500000,0,blank,blank-56.jpg,/Users/vpnl/Desktop/alternating_bb/alternating_stimuli/static_stimuli/blank-56.jpg
28,108.000000,2,hands,hands-41.jpg,/Users/vpnl/Desktop/alternating_bb/alternating_stimuli/static_stimuli/hands-41.jpg
28,108.500000,2,hands,hands-42.jpg,/Users/vpnl/Desktop/alternating_bb/alternating_stimuli/static_stimuli/hands-42.jpg
28,109.000000,2,hands,hands-43.jpg,/Users/vpnl/Desktop/alternating_bb/alternating_stimuli/static_stimuli/hands-43.jpg
28,109.500000,2,hands,hands-44.jpg,/Users/vpnl/Desktop/alternating_bb/alternating_stimuli/static_stimuli/hands-44.jpg
28,110.000000,2,hands,hands-45.jpg,/Users/vpnl/Desktop/alternating_bb/alternating_stimuli/static_stimuli/hands-45.jpg
28,110.500000,2,hands,hands-46.jpg,/Users/vpnl/Desktop/alternating_bb/alternating_stimuli/static_stimuli/hands-46.jpg
28,111.000000,2,hands,hands-47.jpg,/Users/vpnl/Desktop/alternating_bb/alternating_stimuli/static_stimuli/hands-47.jpg
28,111.500000,2,hands,hands-48.jpg,/Users/vpnl/Desktop/alternating_bb/alternating_stimuli/static_stimuli/hands-48.jpg
29,112.000000,4,scenes,scenes-41.jpg,/Users/vpnl/Desktop/alternating_bb/alternating_stimuli/static_stimuli/scenes-41.jpg
29,112.500000,4,scenes,scenes-42.jpg,/Users/vpnl/Desktop/alternating_bb/alternating_stimuli/static_stimuli/scenes-42.jpg
29,113.000000,4,scenes,scenes-43.jpg,/Users/vpnl/Desktop/alternating_bb/alternating_stimuli/static_stimuli/scenes-43.jpg
29,113.500000,4,scenes,scenes-44.jpg,/Users/vpnl/Desktop/alternating_bb/alternating_stimuli/static_stimuli/scenes-44.jpg
29,114.000000,4,scenes,scenes-45.jpg,/Users/vpnl/Desktop/alternating_bb/alternating_stimuli/static_stimuli/scenes-45.jpg
29,114.500000,4,scenes,scenes-46.jpg,/Users/vpnl/Desktop/alternating_bb/alternating_stimuli/static_stimuli/scenes-46.jpg
29,115.000000,4,scenes,scenes-47.jpg,/Users/vpnl/Desktop/alternating_bb/alternating_stimuli/static_stimuli/scenes-47.jpg
29,115.500000,4,scenes,scenes-48.jpg,/Users/vpnl/Desktop/alternating_bb/alternating_stimuli/static_stimuli/scenes-48.jpg
30,116.000000,1,faces,faces-41.jpg,/Users/vpnl/Desktop/alternating_bb/alternating_stimuli/static_stimuli/faces-41.jpg
30,116.500000,1,faces,faces-42.jpg,/Users/vpnl/Desktop/alternating_bb/alternating_stimuli/static_stimuli/faces-42.jpg
30,117.000000,1,faces,faces-43.jpg,/Users/vpnl/Desktop/alternating_bb/alternating_stimuli/static_stimuli/faces-43.jpg
30,117.500000,1,faces,faces-44.jpg,/Users/vpnl/Desktop/alternating_bb/alternating_stimuli/static_stimuli/faces-44.jpg
30,118.000000,1,faces,faces-45.jpg,/Users/vpnl/Desktop/alternating_bb/alternating_stimuli/static_stimuli/faces-45.jpg
30,118.500000,1,faces,faces-46.jpg,/Users/vpnl/Desktop/alternating_bb/alternating_stimuli/static_stimuli/faces-46.jpg
30,119.000000,1,faces,faces-47.jpg,/Users/vpnl/Desktop/alternating_bb/alternating_stimuli/static_stimuli/faces-47.jpg
30,119.500000,1,faces,faces-48.jpg,/Users/vpnl/Desktop/alternating_bb/alternating_stimuli/static_stimuli/faces-48.jpg
31,120.000000,3,cars,cars-41.jpg,/Users/vpnl/Desktop/alternating_bb/alternating_stimuli/static_stimuli/cars-41.jpg
31,120.500000,3,cars,cars-42.jpg,/Users/vpnl/Desktop/alternating_bb/alternating_stimuli/static_stimuli/cars-42.jpg
31,121.000000,3,cars,cars-43.jpg,/Users/vpnl/Desktop/alternating_bb/alternating_stimuli/static_stimuli/cars-43.jpg
31,121.500000,3,cars,cars-44.jpg,/Users/vpnl/Desktop/alternating_bb/alternating_stimuli/static_stimuli/cars-44.jpg
31,122.000000,3,cars,cars-45.jpg,/Users/vpnl/Desktop/alternating_bb/alternating_stimuli/static_stimuli/cars-45.jpg
31,122.500000,3,cars,cars-46.jpg,/Users/vpnl/Desktop/alternating_bb/alternating_stimuli/static_stimuli/cars-46.jpg
31,123.000000,3,cars,cars-47.jpg,/Users/vpnl/Desktop/alternating_bb/alternating_stimuli/static_stimuli/cars-47.jpg
31,123.500000,3,cars,cars-48.jpg,/Users/vpnl/Desktop/alternating_bb/alternating_stimuli/static_stimuli/cars-48.jpg
32,124.000000,2,hands,hands-49.jpg,/Users/vpnl/Desktop/alternating_bb/alternating_stimuli/static_stimuli/hands-49.jpg
32,124.500000,2,hands,hands-50.jpg,/Users/vpnl/Desktop/alternating_bb/alternating_stimuli/static_stimuli/hands-50.jpg
32,125.000000,2,hands,hands-51.jpg,/Users/vpnl/Desktop/alternating_bb/alternating_stimuli/static_stimuli/hands-51.jpg
32,125.500000,2,hands,hands-52.jpg,/Users/vpnl/Desktop/alternating_bb/alternating_stimuli/static_stimuli/hands-52.jpg
32,126.000000,2,hands,hands-53.jpg,/Users/vpnl/Desktop/alternating_bb/alternating_stimuli/static_stimuli/hands-53.jpg
32,126.500000,2,hands,hands-54.jpg,/Users/vpnl/Desktop/alternating_bb/alternating_stimuli/static_stimuli/hands-54.jpg
32,127.000000,2,hands,hands-55.jpg,/Users/vpnl/Desktop/alternating_bb/alternating_stimuli/static_stimuli/hands-55.jpg
32,127.500000,2,hands,hands-56.jpg,/Users/vpnl/Desktop/alternating_bb/alternating_stimuli/static_stimuli/hands-56.jpg
33,128.000000,4,scenes,scenes-49.jpg,/Users/vpnl/Desktop/alternating_bb/alternating_stimuli/static_stimuli/scenes-49.jpg
33,128.500000,4,scenes,scenes-50.jpg,/Users/vpnl/Desktop/alternating_bb/alternating_stimuli/static_stimuli/scenes-50.jpg
33,129.000000,4,scenes,scenes-51.jpg,/Users/vpnl/Desktop/alternating_bb/alternating_stimuli/static_stimuli/scenes-51.jpg
33,129.500000,4,scenes,scenes-52.jpg,/Users/vpnl/Desktop/alternating_bb/alternating_stimuli/static_stimuli/scenes-52.jpg
33,130.000000,4,scenes,scenes-53.jpg,/Users/vpnl/Desktop/alternating_bb/alternating_stimuli/static_stimuli/scenes-53.jpg
33,130.500000,4,scenes,scenes-54.jpg,/Users/vpnl/Desktop/alternating_bb/alternating_stimuli/static_stimuli/scenes-54.jpg
33,131.000000,4,scenes,scenes-55.jpg,/Users/vpnl/Desktop/alternating_bb/alternating_stimuli/static_stimuli/scenes-55.jpg
33,131.500000,4,scenes,scenes-56.jpg,/Users/vpnl/Desktop/alternating_bb/alternating_stimuli/static_stimuli/scenes-56.jpg
34,132.000000,3,cars,cars-49.jpg,/Users/vpnl/Desktop/alternating_bb/alternating_stimuli/static_stimuli/cars-49.jpg
34,132.500000,3,cars,cars-50.jpg,/Users/vpnl/Desktop/alternating_bb/alternating_stimuli/static_stimuli/cars-50.jpg
34,133.000000,3,cars,cars-51.jpg,/Users/vpnl/Desktop/alternating_bb/alternating_stimuli/static_stimuli/cars-51.jpg
34,133.500000,3,cars,cars-52.jpg,/Users/vpnl/Desktop/alternating_bb/alternating_stimuli/static_stimuli/cars-52.jpg
34,134.000000,3,cars,cars-53.jpg,/Users/vpnl/Desktop/alternating_bb/alternating_stimuli/static_stimuli/cars-53.jpg
34,134.500000,3,cars,cars-54.jpg,/Users/vpnl/Desktop/alternating_bb/alternating_stimuli/static_stimuli/cars-54.jpg
34,135.000000,3,cars,cars-55.jpg,/Users/vpnl/Desktop/alternating_bb/alternating_stimuli/static_stimuli/cars-55.jpg
34,135.500000,3,cars,cars-56.jpg,/Users/vpnl/Desktop/alternating_bb/alternating_stimuli/static_stimuli/cars-56.jpg
35,136.000000,0,blank,blank-57.jpg,/Users/vpnl/Desktop/alternating_bb/alternating_stimuli/static_stimuli/blank-57.jpg
35,136.500000,0,blank,blank-58.jpg,/Users/vpnl/Desktop/alternating_bb/alternating_stimuli/static_stimuli/blank-58.jpg
35,137.000000,0,blank,blank-59.jpg,/Users/vpnl/Desktop/alternating_bb/alternating_stimuli/static_stimuli/blank-59.jpg
35,137.500000,0,blank,blank-60.jpg,/Users/vpnl/Desktop/alternating_bb/alternating_stimuli/static_stimuli/blank-60.jpg
35,138.000000,0,blank,blank-61.jpg,/Users/vpnl/Desktop/alternating_bb/alternating_stimuli/static_stimuli/blank-61.jpg
35,138.500000,0,blank,blank-62.jpg,/Users/vpnl/Desktop/alternating_bb/alternating_stimuli/static_stimuli/blank-62.jpg
35,139.000000,0,blank,blank-63.jpg,/Users/vpnl/Desktop/alternating_bb/alternating_stimuli/static_stimuli/blank-63.jpg
35,139.500000,0,blank,blank-64.jpg,/Users/vpnl/Desktop/alternating_bb/alternating_stimuli/static_stimuli/blank-64.jpg
36,140.000000,1,faces,faces-49.jpg,/Users/vpnl/Desktop/alternating_bb/alternating_stimuli/static_stimuli/faces-49.jpg
36,140.500000,1,faces,faces-50.jpg,/Users/vpnl/Desktop/alternating_bb/alternating_stimuli/static_stimuli/faces-50.jpg
36,141.000000,1,faces,faces-51.jpg,/Users/vpnl/Desktop/alternating_bb/alternating_stimuli/static_stimuli/faces-51.jpg
36,141.500000,1,faces,faces-52.jpg,/Users/vpnl/Desktop/alternating_bb/alternating_stimuli/static_stimuli/faces-52.jpg
36,142.000000,1,faces,faces-53.jpg,/Users/vpnl/Desktop/alternating_bb/alternating_stimuli/static_stimuli/faces-53.jpg
36,142.500000,1,faces,faces-54.jpg,/Users/vpnl/Desktop/alternating_bb/alternating_stimuli/static_stimuli/faces-54.jpg
36,143.000000,1,faces,faces-55.jpg,/Users/vpnl/Desktop/alternating_bb/alternating_stimuli/static_stimuli/faces-55.jpg
36,143.500000,1,faces,faces-56.jpg,/Users/vpnl/Desktop/alternating_bb/alternating_stimuli/static_stimuli/faces-56.jpg
37,144.000000,3,cars,cars-57.jpg,/Users/vpnl/Desktop/alternating_bb/alternating_stimuli/static_stimuli/cars-57.jpg
37,144.500000,3,cars,cars-58.jpg,/Users/vpnl/Desktop/alternating_bb/alternating_stimuli/static_stimuli/cars-58.jpg
37,145.000000,3,cars,cars-59.jpg,/Users/vpnl/Desktop/alternating_bb/alternating_stimuli/static_stimuli/cars-59.jpg
37,145.500000,3,cars,cars-60.jpg,/Users/vpnl/Desktop/alternating_bb/alternating_stimuli/static_stimuli/cars-60.jpg
37,146.000000,3,cars,cars-61.jpg,/Users/vpnl/Desktop/alternating_bb/alternating_stimuli/static_stimuli/cars-61.jpg
37,146.500000,3,cars,cars-62.jpg,/Users/vpnl/Desktop/alternating_bb/alternating_stimuli/static_stimuli/cars-62.jpg
37,147.000000,3,cars,cars-63.jpg,/Users/vpnl/Desktop/alternating_bb/alternating_stimuli/static_stimuli/cars-63.jpg
37,147.500000,3,cars,cars-64.jpg,/Users/vpnl/Desktop/alternating_bb/alternating_stimuli/static_stimuli/cars-64.jpg
38,148.000000,1,faces,faces-57.jpg,/Users/vpnl/Desktop/alternating_bb/alternating_stimuli/static_stimuli/faces-57.jpg
38,148.500000,1,faces,faces-58.jpg,/Users/vpnl/Desktop/alternating_bb/alternating_stimuli/static_stimuli/faces-58.jpg
38,149.000000,1,faces,faces-59.jpg,/Users/vpnl/Desktop/alternating_bb/alternating_stimuli/static_stimuli/faces-59.jpg
38,149.500000,1,faces,faces-60.jpg,/Users/vpnl/Desktop/alternating_bb/alternating_stimuli/static_stimuli/faces-60.jpg
38,150.000000,1,faces,faces-61.jpg,/Users/vpnl/Desktop/alternating_bb/alternating_stimuli/static_stimuli/faces-61.jpg
38,150.500000,1,faces,faces-62.jpg,/Users/vpnl/Desktop/alternating_bb/alternating_stimuli/static_stimuli/faces-62.jpg
38,151.000000,1,faces,faces-63.jpg,/Users/vpnl/Desktop/alternating_bb/alternating_stimuli/static_stimuli/faces-63.jpg
38,151.500000,1,faces,faces-64.jpg,/Users/vpnl/Desktop/alternating_bb/alternating_stimuli/static_stimuli/faces-64.jpg
39,152.000000,4,scenes,scenes-57.jpg,/Users/vpnl/Desktop/alternating_bb/alternating_stimuli/static_stimuli/scenes-57.jpg
39,152.500000,4,scenes,scenes-58.jpg,/Users/vpnl/Desktop/alternating_bb/alternating_stimuli/static_stimuli/scenes-58.jpg
39,153.000000,4,scenes,scenes-59.jpg,/Users/vpnl/Desktop/alternating_bb/alternating_stimuli/static_stimuli/scenes-59.jpg
39,153.500000,4,scenes,scenes-60.jpg,/Users/vpnl/Desktop/alternating_bb/alternating_stimuli/static_stimuli/scenes-60.jpg
39,154.000000,4,scenes,scenes-61.jpg,/Users/vpnl/Desktop/alternating_bb/alternating_stimuli/static_stimuli/scenes-61.jpg
39,154.500000,4,scenes,scenes-62.jpg,/Users/vpnl/Desktop/alternating_bb/alternating_stimuli/static_stimuli/scenes-62.jpg
39,155.000000,4,scenes,scenes-63.jpg,/Users/vpnl/Desktop/alternating_bb/alternating_stimuli/static_stimuli/scenes-63.jpg
39,155.500000,4,scenes,scenes-64.jpg,/Users/vpnl/Desktop/alternating_bb/alternating_stimuli/static_stimuli/scenes-64.jpg
40,156.000000,0,blank,blank-65.jpg,/Users/vpnl/Desktop/alternating_bb/alternating_stimuli/static_stimuli/blank-65.jpg
40,156.500000,0,blank,blank-66.jpg,/Users/vpnl/Desktop/alternating_bb/alternating_stimuli/static_stimuli/blank-66.jpg
40,157.000000,0,blank,blank-67.jpg,/Users/vpnl/Desktop/alternating_bb/alternating_stimuli/static_stimuli/blank-67.jpg
40,157.500000,0,blank,blank-68.jpg,/Users/vpnl/Desktop/alternating_bb/alternating_stimuli/static_stimuli/blank-68.jpg
40,158.000000,0,blank,blank-69.jpg,/Users/vpnl/Desktop/alternating_bb/alternating_stimuli/static_stimuli/blank-69.jpg
40,158.500000,0,blank,blank-70.jpg,/Users/vpnl/Desktop/alternating_bb/alternating_stimuli/static_stimuli/blank-70.jpg
40,159.000000,0,blank,blank-71.jpg,/Users/vpnl/Desktop/alternating_bb/alternating_stimuli/static_stimuli/blank-71.jpg
40,159.500000,0,blank,blank-72.jpg,/Users/vpnl/Desktop/alternating_bb/alternating_stimuli/static_stimuli/blank-72.jpg
41,160.000000,2,hands,hands-57.jpg,/Users/vpnl/Desktop/alternating_bb/alternating_stimuli/static_stimuli/hands-57.jpg
41,160.500000,2,hands,hands-58.jpg,/Users/vpnl/Desktop/alternating_bb/alternating_stimuli/static_stimuli/hands-58.jpg
41,161.000000,2,hands,hands-59.jpg,/Users/vpnl/Desktop/alternating_bb/alternating_stimuli/static_stimuli/hands-59.jpg
41,161.500000,2,hands,hands-60.jpg,/Users/vpnl/Desktop/alternating_bb/alternating_stimuli/static_stimuli/hands-60.jpg
41,162.000000,2,hands,hands-61.jpg,/Users/vpnl/Desktop/alternating_bb/alternating_stimuli/static_stimuli/hands-61.jpg
41,162.500000,2,hands,hands-62.jpg,/Users/vpnl/Desktop/alternating_bb/alternating_stimuli/static_stimuli/hands-62.jpg
41,163.000000,2,hands,hands-63.jpg,/Users/vpnl/Desktop/alternating_bb/alternating_stimuli/static_stimuli/hands-63.jpg
41,163.500000,2,hands,hands-64.jpg,/Users/vpnl/Desktop/alternating_bb/alternating_stimuli/static_stimuli/hands-64.jpg
42,164.000000,1,faces,faces-65.jpg,/Users/vpnl/Desktop/alternating_bb/alternating_stimuli/static_stimuli/faces-65.jpg
42,164.500000,1,faces,faces-66.jpg,/Users/vpnl/Desktop/alternating_bb/alternating_stimuli/static_stimuli/faces-66.jpg
42,165.000000,1,faces,faces-67.jpg,/Users/vpnl/Desktop/alternating_bb/alternating_stimuli/static_stimuli/faces-67.jpg
42,165.500000,1,faces,faces-68.jpg,/Users/vpnl/Desktop/alternating_bb/alternating_stimuli/static_stimuli/faces-68.jpg
42,166.000000,1,faces,faces-69.jpg,/Users/vpnl/Desktop/alternating_bb/alternating_stimuli/static_stimuli/faces-69.jpg
42,166.500000,1,faces,faces-70.jpg,/Users/vpnl/Desktop/alternating_bb/alternating_stimuli/static_stimuli/faces-70.jpg
42,167.000000,1,faces,faces-71.jpg,/Users/vpnl/Desktop/alternating_bb/alternating_stimuli/static_stimuli/faces-71.jpg
42,167.500000,1,faces,faces-72.jpg,/Users/vpnl/Desktop/alternating_bb/alternating_stimuli/static_stimuli/faces-72.jpg
43,168.000000,3,cars,cars-65.jpg,/Users/vpnl/Desktop/alternating_bb/alternating_stimuli/static_stimuli/cars-65.jpg
43,168.500000,3,cars,cars-66.jpg,/Users/vpnl/Desktop/alternating_bb/alternating_stimuli/static_stimuli/cars-66.jpg
43,169.000000,3,cars,cars-67.jpg,/Users/vpnl/Desktop/alternating_bb/alternating_stimuli/static_stimuli/cars-67.jpg
43,169.500000,3,cars,cars-68.jpg,/Users/vpnl/Desktop/alternating_bb/alternating_stimuli/static_stimuli/cars-68.jpg
43,170.000000,3,cars,cars-69.jpg,/Users/vpnl/Desktop/alternating_bb/alternating_stimuli/static_stimuli/cars-69.jpg
43,170.500000,3,cars,cars-70.jpg,/Users/vpnl/Desktop/alternating_bb/alternating_stimuli/static_stimuli/cars-70.jpg
43,171.000000,3,cars,cars-71.jpg,/Users/vpnl/Desktop/alternating_bb/alternating_stimuli/static_stimuli/cars-71.jpg
43,171.500000,3,cars,cars-72.jpg,/Users/vpnl/Desktop/alternating_bb/alternating_stimuli/static_stimuli/cars-72.jpg
44,172.000000,2,hands,hands-65.jpg,/Users/vpnl/Desktop/alternating_bb/alternating_stimuli/static_stimuli/hands-65.jpg
44,172.500000,2,hands,hands-66.jpg,/Users/vpnl/Desktop/alternating_bb/alternating_stimuli/static_stimuli/hands-66.jpg
44,173.000000,2,hands,hands-67.jpg,/Users/vpnl/Desktop/alternating_bb/alternating_stimuli/static_stimuli/hands-67.jpg
44,173.500000,2,hands,hands-68.jpg,/Users/vpnl/Desktop/alternating_bb/alternating_stimuli/static_stimuli/hands-68.jpg
44,174.000000,2,hands,hands-69.jpg,/Users/vpnl/Desktop/alternating_bb/alternating_stimuli/static_stimuli/hands-69.jpg
44,174.500000,2,hands,hands-70.jpg,/Users/vpnl/Desktop/alternating_bb/alternating_stimuli/static_stimuli/hands-70.jpg
44,175.000000,2,hands,hands-71.jpg,/Users/vpnl/Desktop/alternating_bb/alternating_stimuli/static_stimuli/hands-71.jpg
44,175.500000,2,hands,hands-72.jpg,/Users/vpnl/Desktop/alternating_bb/alternating_stimuli/static_stimuli/hands-72.jpg
45,176.000000,0,blank,blank-73.jpg,/Users/vpnl/Desktop/alternating_bb/alternating_stimuli/static_stimuli/blank-73.jpg
45,176.500000,0,blank,blank-74.jpg,/Users/vpnl/Desktop/alternating_bb/alternating_stimuli/static_stimuli/blank-74.jpg
45,177.000000,0,blank,blank-75.jpg,/Users/vpnl/Desktop/alternating_bb/alternating_stimuli/static_stimuli/blank-75.jpg
45,177.500000,0,blank,blank-76.jpg,/Users/vpnl/Desktop/alternating_bb/alternating_stimuli/static_stimuli/blank-76.jpg
45,178.000000,0,blank,blank-77.jpg,/Users/vpnl/Desktop/alternating_bb/alternating_stimuli/static_stimuli/blank-77.jpg
45,178.500000,0,blank,blank-78.jpg,/Users/vpnl/Desktop/alternating_bb/alternating_stimuli/static_stimuli/blank-78.jpg
45,179.000000,0,blank,blank-79.jpg,/Users/vpnl/Desktop/alternating_bb/alternating_stimuli/static_stimuli/blank-79.jpg
45,179.500000,0,blank,blank-80.jpg,/Users/vpnl/Desktop/alternating_bb/alternating_stimuli/static_stimuli/blank-80.jpg
46,180.000000,4,scenes,scenes-65.jpg,/Users/vpnl/Desktop/alternating_bb/alternating_stimuli/static_stimuli/scenes-65.jpg
46,180.500000,4,scenes,scenes-66.jpg,/Users/vpnl/Desktop/alternating_bb/alternating_stimuli/static_stimuli/scenes-66.jpg
46,181.000000,4,scenes,scenes-67.jpg,/Users/vpnl/Desktop/alternating_bb/alternating_stimuli/static_stimuli/scenes-67.jpg
46,181.500000,4,scenes,scenes-68.jpg,/Users/vpnl/Desktop/alternating_bb/alternating_stimuli/static_stimuli/scenes-68.jpg
46,182.000000,4,scenes,scenes-69.jpg,/Users/vpnl/Desktop/alternating_bb/alternating_stimuli/static_stimuli/scenes-69.jpg
46,182.500000,4,scenes,scenes-70.jpg,/Users/vpnl/Desktop/alternating_bb/alternating_stimuli/static_stimuli/scenes-70.jpg
46,183.000000,4,scenes,scenes-71.jpg,/Users/vpnl/Desktop/alternating_bb/alternating_stimuli/static_stimuli/scenes-71.jpg
46,183.500000,4,scenes,scenes-72.jpg,/Users/vpnl/Desktop/alternating_bb/alternating_stimuli/static_stimuli/scenes-72.jpg
47,184.000000,0,blank,blank-81.jpg,/Users/vpnl/Desktop/alternating_bb/alternating_stimuli/static_stimuli/blank-81.jpg
47,184.500000,0,blank,blank-82.jpg,/Users/vpnl/Desktop/alternating_bb/alternating_stimuli/static_stimuli/blank-82.jpg
47,185.000000,0,blank,blank-83.jpg,/Users/vpnl/Desktop/alternating_bb/alternating_stimuli/static_stimuli/blank-83.jpg
47,185.500000,0,blank,blank-84.jpg,/Users/vpnl/Desktop/alternating_bb/alternating_stimuli/static_stimuli/blank-84.jpg
47,186.000000,0,blank,blank-85.jpg,/Users/vpnl/Desktop/alternating_bb/alternating_stimuli/static_stimuli/blank-85.jpg
47,186.500000,0,blank,blank-86.jpg,/Users/vpnl/Desktop/alternating_bb/alternating_stimuli/static_stimuli/blank-86.jpg
47,187.000000,0,blank,blank-87.jpg,/Users/vpnl/Desktop/alternating_bb/alternating_stimuli/static_stimuli/blank-87.jpg
47,187.500000,0,blank,blank-88.jpg,/Users/vpnl/Desktop/alternating_bb/alternating_stimuli/static_stimuli/blank-88.jpg
48,188.000000,2,hands,hands-73.jpg,/Users/vpnl/Desktop/alternating_bb/alternating_stimuli/static_stimuli/hands-73.jpg
48,188.500000,2,hands,hands-74.jpg,/Users/vpnl/Desktop/alternating_bb/alternating_stimuli/static_stimuli/hands-74.jpg
48,189.000000,2,hands,hands-75.jpg,/Users/vpnl/Desktop/alternating_bb/alternating_stimuli/static_stimuli/hands-75.jpg
48,189.500000,2,hands,hands-76.jpg,/Users/vpnl/Desktop/alternating_bb/alternating_stimuli/static_stimuli/hands-76.jpg
48,190.000000,2,hands,hands-77.jpg,/Users/vpnl/Desktop/alternating_bb/alternating_stimuli/static_stimuli/hands-77.jpg
48,190.500000,2,hands,hands-78.jpg,/Users/vpnl/Desktop/alternating_bb/alternating_stimuli/static_stimuli/hands-78.jpg
48,191.000000,2,hands,hands-79.jpg,/Users/vpnl/Desktop/alternating_bb/alternating_stimuli/static_stimuli/hands-79.jpg
48,191.500000,2,hands,hands-80.jpg,/Users/vpnl/Desktop/alternating_bb/alternating_stimuli/static_stimuli/hands-80.jpg
49,192.000000,3,cars,cars-73.jpg,/Users/vpnl/Desktop/alternating_bb/alternating_stimuli/static_stimuli/cars-73.jpg
49,192.500000,3,cars,cars-74.jpg,/Users/vpnl/Desktop/alternating_bb/alternating_stimuli/static_stimuli/cars-74.jpg
49,193.000000,3,cars,cars-75.jpg,/Users/vpnl/Desktop/alternating_bb/alternating_stimuli/static_stimuli/cars-75.jpg
49,193.500000,3,cars,cars-76.jpg,/Users/vpnl/Desktop/alternating_bb/alternating_stimuli/static_stimuli/cars-76.jpg
49,194.000000,3,cars,cars-77.jpg,/Users/vpnl/Desktop/alternating_bb/alternating_stimuli/static_stimuli/cars-77.jpg
49,194.500000,3,cars,cars-78.jpg,/Users/vpnl/Desktop/alternating_bb/alternating_stimuli/static_stimuli/cars-78.jpg
49,195.000000,3,cars,cars-79.jpg,/Users/vpnl/Desktop/alternating_bb/alternating_stimuli/static_stimuli/cars-79.jpg
49,195.500000,3,cars,cars-80.jpg,/Users/vpnl/Desktop/alternating_bb/alternating_stimuli/static_stimuli/cars-80.jpg
50,196.000000,4,scenes,scenes-73.jpg,/Users/vpnl/Desktop/alternating_bb/alternating_stimuli/static_stimuli/scenes-73.jpg
50,196.500000,4,scenes,scenes-74.jpg,/Users/vpnl/Desktop/alternating_bb/alternating_stimuli/static_stimuli/scenes-74.jpg
50,197.000000,4,scenes,scenes-75.jpg,/Users/vpnl/Desktop/alternating_bb/alternating_stimuli/static_stimuli/scenes-75.jpg
50,197.500000,4,scenes,scenes-76.jpg,/Users/vpnl/Desktop/alternating_bb/alternating_stimuli/static_stimuli/scenes-76.jpg
50,198.000000,4,scenes,scenes-77.jpg,/Users/vpnl/Desktop/alternating_bb/alternating_stimuli/static_stimuli/scenes-77.jpg
50,198.500000,4,scenes,scenes-78.jpg,/Users/vpnl/Desktop/alternating_bb/alternating_stimuli/static_stimuli/scenes-78.jpg
50,199.000000,4,scenes,scenes-79.jpg,/Users/vpnl/Desktop/alternating_bb/alternating_stimuli/static_stimuli/scenes-79.jpg
50,199.500000,4,scenes,scenes-80.jpg,/Users/vpnl/Desktop/alternating_bb/alternating_stimuli/static_stimuli/scenes-80.jpg
51,200.000000,1,faces,faces-73.jpg,/Users/vpnl/Desktop/alternating_bb/alternating_stimuli/static_stimuli/faces-73.jpg
51,200.500000,1,faces,faces-74.jpg,/Users/vpnl/Desktop/alternating_bb/alternating_stimuli/static_stimuli/faces-74.jpg
51,201.000000,1,faces,faces-75.jpg,/Users/vpnl/Desktop/alternating_bb/alternating_stimuli/static_stimuli/faces-75.jpg
51,201.500000,1,faces,faces-76.jpg,/Users/vpnl/Desktop/alternating_bb/alternating_stimuli/static_stimuli/faces-76.jpg
51,202.000000,1,faces,faces-77.jpg,/Users/vpnl/Desktop/alternating_bb/alternating_stimuli/static_stimuli/faces-77.jpg
51,202.500000,1,faces,faces-78.jpg,/Users/vpnl/Desktop/alternating_bb/alternating_stimuli/static_stimuli/faces-78.jpg
51,203.000000,1,faces,faces-79.jpg,/Users/vpnl/Desktop/alternating_bb/alternating_stimuli/static_stimuli/faces-79.jpg
51,203.500000,1,faces,faces-80.jpg,/Users/vpnl/Desktop/alternating_bb/alternating_stimuli/static_stimuli/faces-80.jpg
52,204.000000,2,hands,hands-81.jpg,/Users/vpnl/Desktop/alternating_bb/alternating_stimuli/static_stimuli/hands-81.jpg
52,204.500000,2,hands,hands-82.jpg,/Users/vpnl/Desktop/alternating_bb/alternating_stimuli/static_stimuli/hands-82.jpg
52,205.000000,2,hands,hands-83.jpg,/Users/vpnl/Desktop/alternating_bb/alternating_stimuli/static_stimuli/hands-83.jpg
52,205.500000,2,hands,hands-84.jpg,/Users/vpnl/Desktop/alternating_bb/alternating_stimuli/static_stimuli/hands-84.jpg
52,206.000000,2,hands,hands-85.jpg,/Users/vpnl/Desktop/alternating_bb/alternating_stimuli/static_stimuli/hands-85.jpg
52,206.500000,2,hands,hands-86.jpg,/Users/vpnl/Desktop/alternating_bb/alternating_stimuli/static_stimuli/hands-86.jpg
52,207.000000,2,hands,hands-87.jpg,/Users/vpnl/Desktop/alternating_bb/alternating_stimuli/static_stimuli/hands-87.jpg
52,207.500000,2,hands,hands-88.jpg,/Users/vpnl/Desktop/alternating_bb/alternating_stimuli/static_stimuli/hands-88.jpg
53,208.000000,4,scenes,scenes-81.jpg,/Users/vpnl/Desktop/alternating_bb/alternating_stimuli/static_stimuli/scenes-81.jpg
53,208.500000,4,scenes,scenes-82.jpg,/Users/vpnl/Desktop/alternating_bb/alternating_stimuli/static_stimuli/scenes-82.jpg
53,209.000000,4,scenes,scenes-83.jpg,/Users/vpnl/Desktop/alternating_bb/alternating_stimuli/static_stimuli/scenes-83.jpg
53,209.500000,4,scenes,scenes-84.jpg,/Users/vpnl/Desktop/alternating_bb/alternating_stimuli/static_stimuli/scenes-84.jpg
53,210.000000,4,scenes,scenes-85.jpg,/Users/vpnl/Desktop/alternating_bb/alternating_stimuli/static_stimuli/scenes-85.jpg
53,210.500000,4,scenes,scenes-86.jpg,/Users/vpnl/Desktop/alternating_bb/alternating_stimuli/static_stimuli/scenes-86.jpg
53,211.000000,4,scenes,scenes-87.jpg,/Users/vpnl/Desktop/alternating_bb/alternating_stimuli/static_stimuli/scenes-87.jpg
53,211.500000,4,scenes,scenes-88.jpg,/Users/vpnl/Desktop/alternating_bb/alternating_stimuli/static_stimuli/scenes-88.jpg
54,212.000000,1,faces,faces-81.jpg,/Users/vpnl/Desktop/alternating_bb/alternating_stimuli/static_stimuli/faces-81.jpg
54,212.500000,1,faces,faces-82.jpg,/Users/vpnl/Desktop/alternating_bb/alternating_stimuli/static_stimuli/faces-82.jpg
54,213.000000,1,faces,faces-83.jpg,/Users/vpnl/Desktop/alternating_bb/alternating_stimuli/static_stimuli/faces-83.jpg
54,213.500000,1,faces,faces-84.jpg,/Users/vpnl/Desktop/alternating_bb/alternating_stimuli/static_stimuli/faces-84.jpg
54,214.000000,1,faces,faces-85.jpg,/Users/vpnl/Desktop/alternating_bb/alternating_stimuli/static_stimuli/faces-85.jpg
54,214.500000,1,faces,faces-86.jpg,/Users/vpnl/Desktop/alternating_bb/alternating_stimuli/static_stimuli/faces-86.jpg
54,215.000000,1,faces,faces-87.jpg,/Users/vpnl/Desktop/alternating_bb/alternating_stimuli/static_stimuli/faces-87.jpg
54,215.500000,1,faces,faces-88.jpg,/Users/vpnl/Desktop/alternating_bb/alternating_stimuli/static_stimuli/faces-88.jpg
55,216.000000,0,blank,blank-89.jpg,/Users/vpnl/Desktop/alternating_bb/alternating_stimuli/static_stimuli/blank-89.jpg
55,216.500000,0,blank,blank-90.jpg,/Users/vpnl/Desktop/alternating_bb/alternating_stimuli/static_stimuli/blank-90.jpg
55,217.000000,0,blank,blank-91.jpg,/Users/vpnl/Desktop/alternating_bb/alternating_stimuli/static_stimuli/blank-91.jpg
55,217.500000,0,blank,blank-92.jpg,/Users/vpnl/Desktop/alternating_bb/alternating_stimuli/static_stimuli/blank-92.jpg
55,218.000000,0,blank,blank-93.jpg,/Users/vpnl/Desktop/alternating_bb/alternating_stimuli/static_stimuli/blank-93.jpg
55,218.500000,0,blank,blank-94.jpg,/Users/vpnl/Desktop/alternating_bb/alternating_stimuli/static_stimuli/blank-94.jpg
55,219.000000,0,blank,blank-95.jpg,/Users/vpnl/Desktop/alternating_bb/alternating_stimuli/static_stimuli/blank-95.jpg
55,219.500000,0,blank,blank-96.jpg,/Users/vpnl/Desktop/alternating_bb/alternating_stimuli/static_stimuli/blank-96.jpg
56,220.000000,3,cars,cars-81.jpg,/Users/vpnl/Desktop/alternating_bb/alternating_stimuli/static_stimuli/cars-81.jpg
56,220.500000,3,cars,cars-82.jpg,/Users/vpnl/Desktop/alternating_bb/alternating_stimuli/static_stimuli/cars-82.jpg
56,221.000000,3,cars,cars-83.jpg,/Users/vpnl/Desktop/alternating_bb/alternating_stimuli/static_stimuli/cars-83.jpg
56,221.500000,3,cars,cars-84.jpg,/Users/vpnl/Desktop/alternating_bb/alternating_stimuli/static_stimuli/cars-84.jpg
56,222.000000,3,cars,cars-85.jpg,/Users/vpnl/Desktop/alternating_bb/alternating_stimuli/static_stimuli/cars-85.jpg
56,222.500000,3,cars,cars-86.jpg,/Users/vpnl/Desktop/alternating_bb/alternating_stimuli/static_stimuli/cars-86.jpg
56,223.000000,3,cars,cars-87.jpg,/Users/vpnl/Desktop/alternating_bb/alternating_stimuli/static_stimuli/cars-87.jpg
56,223.500000,3,cars,cars-88.jpg,/Users/vpnl/Desktop/alternating_bb/alternating_stimuli/static_stimuli/cars-88.jpg
57,224.000000,1,faces,faces-89.jpg,/Users/vpnl/Desktop/alternating_bb/alternating_stimuli/static_stimuli/faces-89.jpg
57,224.500000,1,faces,faces-90.jpg,/Users/vpnl/Desktop/alternating_bb/alternating_stimuli/static_stimuli/faces-90.jpg
57,225.000000,1,faces,faces-91.jpg,/Users/vpnl/Desktop/alternating_bb/alternating_stimuli/static_stimuli/faces-91.jpg
57,225.500000,1,faces,faces-92.jpg,/Users/vpnl/Desktop/alternating_bb/alternating_stimuli/static_stimuli/faces-92.jpg
57,226.000000,1,faces,faces-93.jpg,/Users/vpnl/Desktop/alternating_bb/alternating_stimuli/static_stimuli/faces-93.jpg
57,226.500000,1,faces,faces-94.jpg,/Users/vpnl/Desktop/alternating_bb/alternating_stimuli/static_stimuli/faces-94.jpg
57,227.000000,1,faces,faces-95.jpg,/Users/vpnl/Desktop/alternating_bb/alternating_stimuli/static_stimuli/faces-95.jpg
57,227.500000,1,faces,faces-96.jpg,/Users/vpnl/Desktop/alternating_bb/alternating_stimuli/static_stimuli/faces-96.jpg
58,228.000000,3,cars,cars-89.jpg,/Users/vpnl/Desktop/alternating_bb/alternating_stimuli/static_stimuli/cars-89.jpg
58,228.500000,3,cars,cars-90.jpg,/Users/vpnl/Desktop/alternating_bb/alternating_stimuli/static_stimuli/cars-90.jpg
58,229.000000,3,cars,cars-91.jpg,/Users/vpnl/Desktop/alternating_bb/alternating_stimuli/static_stimuli/cars-91.jpg
58,229.500000,3,cars,cars-92.jpg,/Users/vpnl/Desktop/alternating_bb/alternating_stimuli/static_stimuli/cars-92.jpg
58,230.000000,3,cars,cars-93.jpg,/Users/vpnl/Desktop/alternating_bb/alternating_stimuli/static_stimuli/cars-93.jpg
58,230.500000,3,cars,cars-94.jpg,/Users/vpnl/Desktop/alternating_bb/alternating_stimuli/static_stimuli/cars-94.jpg
58,231.000000,3,cars,cars-95.jpg,/Users/vpnl/Desktop/alternating_bb/alternating_stimuli/static_stimuli/cars-95.jpg
58,231.500000,3,cars,cars-96.jpg,/Users/vpnl/Desktop/alternating_bb/alternating_stimuli/static_stimuli/cars-96.jpg
59,232.000000,4,scenes,scenes-89.jpg,/Users/vpnl/Desktop/alternating_bb/alternating_stimuli/static_stimuli/scenes-89.jpg
59,232.500000,4,scenes,scenes-90.jpg,/Users/vpnl/Desktop/alternating_bb/alternating_stimuli/static_stimuli/scenes-90.jpg
59,233.000000,4,scenes,scenes-91.jpg,/Users/vpnl/Desktop/alternating_bb/alternating_stimuli/static_stimuli/scenes-91.jpg
59,233.500000,4,scenes,scenes-92.jpg,/Users/vpnl/Desktop/alternating_bb/alternating_stimuli/static_stimuli/scenes-92.jpg
59,234.000000,4,scenes,scenes-93.jpg,/Users/vpnl/Desktop/alternating_bb/alternating_stimuli/static_stimuli/scenes-93.jpg
59,234.500000,4,scenes,scenes-94.jpg,/Users/vpnl/Desktop/alternating_bb/alternating_stimuli/static_stimuli/scenes-94.jpg
59,235.000000,4,scenes,scenes-95.jpg,/Users/vpnl/Desktop/alternating_bb/alternating_stimuli/static_stimuli/scenes-95.jpg
59,235.500000,4,scenes,scenes-96.jpg,/Users/vpnl/Desktop/alternating_bb/alternating_stimuli/static_stimuli/scenes-96.jpg
60,236.000000,0,blank,blank-97.jpg,/Users/vpnl/Desktop/alternating_bb/alternating_stimuli/static_stimuli/blank-97.jpg
60,236.500000,0,blank,blank-98.jpg,/Users/vpnl/Desktop/alternating_bb/alternating_stimuli/static_stimuli/blank-98.jpg
60,237.000000,0,blank,blank-99.jpg,/Users/vpnl/Desktop/alternating_bb/alternating_stimuli/static_stimuli/blank-99.jpg
60,237.500000,0,blank,blank-100.jpg,/Users/vpnl/Desktop/alternating_bb/alternating_stimuli/static_stimuli/blank-100.jpg
60,238.000000,0,blank,blank-101.jpg,/Users/vpnl/Desktop/alternating_bb/alternating_stimuli/static_stimuli/blank-101.jpg
60,238.500000,0,blank,blank-102.jpg,/Users/vpnl/Desktop/alternating_bb/alternating_stimuli/static_stimuli/blank-102.jpg
60,239.000000,0,blank,blank-103.jpg,/Users/vpnl/Desktop/alternating_bb/alternating_stimuli/static_stimuli/blank-103.jpg
60,239.500000,0,blank,blank-104.jpg,/Users/vpnl/Desktop/alternating_bb/alternating_stimuli/static_stimuli/blank-104.jpg
61,240.000000,2,hands,hands-89.jpg,/Users/vpnl/Desktop/alternating_bb/alternating_stimuli/static_stimuli/hands-89.jpg
61,240.500000,2,hands,hands-90.jpg,/Users/vpnl/Desktop/alternating_bb/alternating_stimuli/static_stimuli/hands-90.jpg
61,241.000000,2,hands,hands-91.jpg,/Users/vpnl/Desktop/alternating_bb/alternating_stimuli/static_stimuli/hands-91.jpg
61,241.500000,2,hands,hands-92.jpg,/Users/vpnl/Desktop/alternating_bb/alternating_stimuli/static_stimuli/hands-92.jpg
61,242.000000,2,hands,hands-93.jpg,/Users/vpnl/Desktop/alternating_bb/alternating_stimuli/static_stimuli/hands-93.jpg
61,242.500000,2,hands,hands-94.jpg,/Users/vpnl/Desktop/alternating_bb/alternating_stimuli/static_stimuli/hands-94.jpg
61,243.000000,2,hands,hands-95.jpg,/Users/vpnl/Desktop/alternating_bb/alternating_stimuli/static_stimuli/hands-95.jpg
61,243.500000,2,hands,hands-96.jpg,/Users/vpnl/Desktop/alternating_bb/alternating_stimuli/static_stimuli/hands-96.jpg
62,244.000000,0,blank,blank-105.jpg,/Users/vpnl/Desktop/alternating_bb/alternating_stimuli/static_stimuli/blank-105.jpg
62,244.500000,0,blank,blank-106.jpg,/Users/vpnl/Desktop/alternating_bb/alternating_stimuli/static_stimuli/blank-106.jpg
62,245.000000,0,blank,blank-107.jpg,/Users/vpnl/Desktop/alternating_bb/alternating_stimuli/static_stimuli/blank-107.jpg
62,245.500000,0,blank,blank-108.jpg,/Users/vpnl/Desktop/alternating_bb/alternating_stimuli/static_stimuli/blank-108.jpg
62,246.000000,0,blank,blank-109.jpg,/Users/vpnl/Desktop/alternating_bb/alternating_stimuli/static_stimuli/blank-109.jpg
62,246.500000,0,blank,blank-110.jpg,/Users/vpnl/Desktop/alternating_bb/alternating_stimuli/static_stimuli/blank-110.jpg
62,247.000000,0,blank,blank-111.jpg,/Users/vpnl/Desktop/alternating_bb/alternating_stimuli/static_stimuli/blank-111.jpg
62,247.500000,0,blank,blank-112.jpg,/Users/vpnl/Desktop/alternating_bb/alternating_stimuli/static_stimuli/blank-112.jpg
